sample_id,invivo_instances,exvivo_instances,match_pairs
subject_78b6a7__region_33daed,{},{},[]
subject_78b6a7__region_64dd4d,{},{},[]
subject_78b6a7__region_7754ed,{},{},[]
subject_78b6a7__region_798993,{},{},[]
subject_78b6a7__region_7c48e3,{},{},[]
subject_78b6a7__region_880be3,{},{},[]
subject_78b6a7__region_93b8f3,{},{},[]
subject_78b6a7__region_b6b5e8,{},{},[]
subject_78b6a7__region_c14cf4,{},{},[]
subject_78b6a7__region_d88c8f,{},{},[]
subject_78b6a7__region_f05266,{},{},[]
subject_78b6a7__region_fcfe79,{},{},[]
subject_d7a97c__region_114d73,{},{},[]
subject_d7a97c__region_1b3772,{},{},[]
subject_d7a97c__region_1f9a48,{},{},[]
subject_d7a97c__region_2c48e1,{},{},[]
subject_d7a97c__region_35e2d9,{},{},[]
subject_d7a97c__region_45d813,{},{},[]
subject_d7a97c__region_61decf,{},{},[]
subject_d7a97c__region_6418ce,{},{},[]
subject_d7a97c__region_7d87d1,{},{},[]
subject_d7a97c__region_a5f0d0,{},{},[]
subject_d7a97c__region_ad3e08,{},{},[]
subject_d7a97c__region_b05116,{},{},[]
subject_d7a97c__region_bba87a,{},{},[]
subject_d7a97c__region_cebb1d,{},{},[]
subject_d7a97c__region_d472db,{},{},[]
subject_d7a97c__region_dd13e1,{},{},[]
subject_d7a97c__region_f24078,{},{},[]
